block_number,tx_hash,gas_used
22423073,0x622dd0328f0bbe48dd5b449464eeebb4d219fb0f1a21886cb00513ebc8290993,25669878
22423132,0x5b1f6de1ce7ec14dc8cf0b751818cc8c48fab12da7aa6422c8873b82a4bc1526,25698321
22429570,0x682ee725088a70e20f26a54ee43ce7a7517c417568c1282e9b9e4a40277ce3c4,26207704
22429600,0x77b63bae890733c91269767cebb26e19ee34aea058fd61ab906d9c44d76334f5,26224787
22429610,0x71b14b4f5e477002dbabc96c3bc0ebd644f84cd9135ca7b22fd55c1404f5e925,26230482
22429616,0xd3c933889cccd14cbf000dec05865bccbcaafc65570378db2acab4ac9e8a06b9,26233329
22429656,0xb7e819c4b7c688493b7b422e9dc0d2db1ea9be253dbb842f574f65daa4f50f2a,26261802
22429676,0x365d2dd04f54fcbb06fd43b2715ce121653cedff2ca87a5361d60b7c9f449479,26273192
22429681,0x5ec7cc6c6b12db7515824f1a799808c9e1f181aecce3caa622f08d9d7697975e,26278887
22429706,0x2d4c0fe919ec254c9705a6eaf6ed61360ae69b359d6696d96ad3b620f9e2697b,26295973
22422780,0xf2de99b29105ac36505af782c8a3185b0474762a15483e6e971b7583aff04c2c,25504943
22422784,0xaaa6e65d80a12942c3f6b70b72cadd7247e0afbc4d838a15418118b8231c030e,25507786
22422792,0x7c94b2e8de7b74d7cb8ce3f288f9af3af3bb4242974a398aacbbf220a6c7728a,25513473
22422804,0xbf2498624a4aaa7f8f4ae6ae616309aa19a4e12e62abf4a7abf6689d2d3549e6,25519160
22422806,0x460280f95fc1d317226fe09de816b2a4e8716260fd9dd2f973b3ddeefad918e8,25522003
22422834,0xb702f0895a5137b1fc35e0a49040d703e1b4ab8fb6229022bfde326a5bc825a1,25536220
22422853,0xbc02ba8d1058449cfd0a4c98ace0c8dda21caf046559cf1a8b211b26894d9901,25547594
22422865,0xe8237f39a9a68a9bc5be041379f9b40887358af7ffcd46eb17d8ce7c46586f68,25553281
22422868,0xc6c889e241d7d8b26f3a8b8ced3ab4515ff3740c92e1f893b2ce15e431ec209d,25556124
22422872,0x44c4b9140db975128c1cc8f848768b2b0034eb7d1f8ef5e0bd29eb8047bc3a53,25558968
22422877,0x4e6350f98f81ef0febd3fe8c9b6d51b36ed6564af879ae5f64bb94216aeee37e,25561811
22422884,0x65527a713922a8250f10631e657201c7dbf87d277b21429b09f160d99d1d649b,25564655
22422887,0x748c4e165737f737460b1e5777cf044f40c435c90d3602d3bf7c7ced85a448af,25567499
22422909,0x59b2daa562808b8dc96ba5384d16f6aaff9c5b2d89ced1295f0b8e0a1a7e8f47,25581717
22422923,0x6984d4e927e72a03e5372e1136b806167d29859adf93c030444b25bdfe750ff5,25587404
22422924,0x8b4d5460343193ca73db8fea5f32c589731aaf77a966245e23f0ff51cc4a4116,25590248
22422930,0x3d49ca3702edb59fa42bd3f2d18d01d10ac11100c974230cc56cb06034a590fa,25593092
22422932,0xb920e8444557f5fb87475c42891e2a7c54751e046869660557d59f5463b32548,25595935
22422935,0x05f110d9ffdc736f906e119ee7d96112399ad1926fbb001e4795ef78510ce034,25598779
22426307,0xcab9166c05b23fc28c14bc16b6457d2a5a62708097bdbc6dce0000db85410087,25971448
22423540,0x3ad5454019108c5a35e00918fad4bb65161b5a056a800e5e5d50cb88aa9e8da2,25812106
22429608,0x33b561b595540dad6455b68c597f7b4b20cb7ac09ec85857c5e5b0eb15d98dd7,26227635
22429640,0x5ec74fcb39d8c48ff27101e787bbab21a8422de50d6baa2dbfcf7dcee27a53ce,26250413
22429645,0xf98c2728b22ddf6c8cfa347ef338469b6310876ac723427ddba176b5c4f08dba,26253260
22429648,0x0741b0daf8a388bd105cd5fe9c437c5f7f91ec4d67c6ed44c86ddf96a1133aee,26256108
22429650,0x118ced9bfd0e345d229376f7eb858ab6ca042b23fcdacc28b84a7e4fb71768b7,26258955
22429658,0xdde8912c5ee1e820defb5581b81bfac4be0ee90f94dd45e497affd4c85f4a5ae,26264650
22429666,0x3aa64708e06b520b65a04b77dbc9f58766b1103159fb38055cd0f73ca2e01530,26267497
22429677,0xfa4145b4e3e75a8471cfa603a0d8437786ae62346d4f9a3b0c9c42d522f35ecc,26276040
22429689,0xd2ada4fd704f0d6fea1ce31225521f68d4cecb3283261e76ece9b2f9d444fab0,26281735
22429695,0xcd131485ebc1c5852dc83488b69c0753c0e84b8a35b8cbedfbf9ab9221c25b0d,26287430
22429704,0xf01e69e516ca777e6a94a8fef807dc4c7b5a395dc8f503b5684ff41ac5254064,26290277
22429712,0x48dc3f91ad2e86c24f3ad761723785afa7b2403ad78a8071bb7f227f7a5eef22,26298820
22429716,0xba33b4b7c194a032c6d8be9058faa7d44aef0e00520f5879f96b055085e7b1d2,26301668
22423211,0x92e567b0c92b0a0cd49c601876313e88e165f711cc4a77dddf2be0d1abff9428,25735298
22423284,0xd60cc68bbc0f1547c5f93142a52ddaa003e97439180d59c926dedbfc1ab24b82,25763744
22423295,0x390efb60a7bbc876eb56fcf37f62bf0a1ea0162d66ca9ff623715f91feb533a6,25769434
22423305,0x5797186fc4a3ed2e50578074b1e09b365816abc3b7b6f8df465b239ca41b8470,25775123
22423309,0x32c0901ac398933ffa3670fe3a952e2833c179fcff82faf96e8bbf3738d5f283,25777968
22423317,0xc49a2212726da47974fc406bcbb5aa79e8c910be62e6c1c48745371bc29d7ea9,25780813
22423331,0x5a761a66f7c72ef061a1fed8424d2fb3a7608278c33ce349b098994f7b4d86fc,25789347
22422960,0x1ab71f27d7c78bc92d7e57fcd6913b5305e65816a23d1057b5c3b14c868878bb,25618686
22422968,0xe93d29ab5f8ec2719935fbb703b37ead3a2f8435096fad317e3674ae8547a313,25624374
22423030,0x98fbc56d97eca5fbb5d0bc844250cc95a36ffefd2b8a0edd56720b43552969d7,25652814
22423060,0x28c8ffdcc65bf530a45e2dd6e95ee5940022c9c16747c69c016f39b5daa3855e,25664190
22423069,0x56b6b001151271e739835f2d5555e113cddbb249edc743739667c05c7246d64d,25667034
22423078,0x4ddc6ae3e123456c36a9b1e20cf429e240a7c857d13259c0e6813109189985c0,25672723
22423082,0x4b121bd4c9a41424fbb405ad392d04ff8c65302a2c0fa6c8072ec46d7a777407,25675567
22423086,0xa692e8d5b00b9620b423c9d4b3a09ef9ab6f68066a6e1a781ad8b7c3b5775966,25678411
22423093,0x80d927531dab60079cc60fdce2489df213b0d714fd0b9bf71bca84d4204115b8,25681255
22429721,0xdac369f71224edaae2212b45aa206bccedda7cee5b4ead22fff659506a0649fb,26304515
22429730,0x0924a832b924bdc2b1b62da664a0c3f6a838dca2c0d83fd5ba32ae7aa22c581b,26307363
22429741,0x5a4d66a2b067aa7840aba044573939422de611b54edba75d6190f61a27d32715,26313058
22429749,0xf3284bdd70c573ec0b3752555820dc86c8377fe17800bbe3c8e125d1ce9e54e9,26318754
22464232,0x6328b688e895eb99a96d026fdb6fd39055f38f7aef5cd568d78db85a135ffaa2,28718162
22426482,0x1e45bb22b077f22a1b8dadd6a2487887b5f0551dfa0e68d5f58354d636255739,25974293
22423546,0xc7e303d6bb8b5e1ca4515fa3067f1af7bf13f9695bbace08133f52cc18b356fc,25814951
22423573,0x749e3e9e72c42f944106136fd668895c09636e244fe62f5153ca4831caa21925,25820641
22423633,0x4c96c78aaea25032626184f1866cf65eea2b361a355f8a8575266380c62ecb61,25832021
22429775,0x5e6d8d3c926f6f82cda75950340deb1e02ee3d2528e9eebcc39a9802c9f59bbf,26324449
22423374,0x6c80feb2f6f6ddbea07979bfb8346a0588a87f5f8074749e8c389f0a8b135b13,25797882
22423109,0x7b6fe0cac9d236e8d4cbf4e01f035f479d527bd7dabe5f9e85b3a15efe910cda,25689788
22423115,0x2114cd7e87b38c0b647b2fb816f4dd412fa87a9fb59178d900421a3ad010b10d,25692632
22423121,0x0eb469219c80725d6669a62926a82251df87f9af9f7c105be09a01beb0694328,25695476
22423137,0x89c170b2686c97dd57415c9af33e878413eff490bb8c7356e7fa86bc17bdde53,25704009
22423147,0xff4dc5578d96a1c4a3df86ed65ed684d7bdd02b6c13db69ccaf4872a9d264b41,25709698
22423154,0xc487d2ccc01140386e35b35f194e5f865af977c98df6403e68acd59f1b1d2865,25715387
22423215,0x865a370072f640260a6647f26bd8c523a6ce107b8c95dbc80e4169428a4ed170,25738143
22423224,0x8e6513e72f03a865dc4463149fc95c67a4c5f07b9a23d060595c8912e2736fa2,25740987
22423252,0xfd835a8403c5ff6c55118362124060a33dcbe35e32d338caa317afb938c470bd,25752366
22423256,0xfd53963d1ba1f74378021ecf7bad4aa327d1333b631c0d749ecfe3d247409cab,25755210
22506959,0x1dcd7ce5d64fd4e60eae1fea1b85aed83debbbad901efe2fcc4fd5b31978a911,25387570
22423788,0x840c854a3bfc456a818522495dd96e50468c3abaa32b8465713fe9881024ebd5,25871853
22423808,0x01ef52c543f5131c00587dbe78a625ddb53b8c927263cce52106aa3faf93ce5e,25880389
22423841,0x45e768f27e691551c19092193b476b2a16601661b4195aa4d7cd97fc403fee07,25891771
22423517,0x805adf185cc15f60c5f641cfea831940b1295b18e9a251da72a2cf1ec248c129,25803571
22423523,0x09a0d9ef80ba0ddc00910e5d0c9a8acfcad4fc1e3c759946c26b9c68bac60b26,25809261
22423557,0x241290051aef493ae2764cafbb3ee534d49215fc068a9a229173f97609e41fd4,25817796
22506284,0x91a9e669ba0b76b57a3aece48b89526cc516c29c82ee5c4ba34a6605f6841c5e,25217500
22506288,0x0996d7886c89706fd5736a0c014a10cd724af7156d8ae8c96b56d577d6544333,25557633
22506299,0x5247ee0f35ea2c8126e21bb7cbc477d2b7892140d7960322a27ba370b832d642,25557633
22506313,0x41919bf203f76212dc8e7124a47ff979a115bbba930c6a8e29ebc118f674e243,25557633
22506330,0x0576c04bcf0cb0446395b549b2ed0b78bc94eba6e1e8f57098edf609c064df21,25387570
22506346,0x177ca537ba14d478570cc3f4c75f4e80909890530bfaf6f2c3906167d00b05b1,25557633
22506349,0xdcaaf49636c3fe14960abde672e7fc8b405f4edd8d814aafff492961300da96a,25387570
22506354,0xb03ef7dbc6880659ee35c07019b5e799ffe4b543fcb3c086aae6571c1d49559f,25557633
22484369,0xbb50944dfb5aa6b77236d29f742fc81430bca56f074acd6e1cccf5b462b85faa,25968821
22423273,0x76defdf5ba95ea84bcae6bfaac3392281e5b224157fc737890a5dedd2511864c,25760900
22423292,0xc2e0bfc0168fcd22d496f346027c60019a3a2089f757a0cf92c340e304281242,25766589
22423303,0x58be78d88207fbae5d3537198efa81e2b5802731a0721fab6de0d7b4182c00a3,25772278
22423327,0x42eecf5fe0daeba21154318012c5fc43e8c108f8e946c659b326efb1ccf0e217,25786502
22423367,0x55540807cb5e83473e4521994f957811f2a0cb2eab78a5746bafc8ea837a7b6e,25795037
22426721,0x967d110d750be36373ebb150924002e1ee26a60691b5b2901372251c6b2544be,25979985
22426731,0xa45754545d226993d82739334e3b8fef7f27ea65c7b8c03ddc3d459ad184d2fc,25982831
22423886,0xdcf3ed0b4f772d7f81e4112518c601e108701ed0b529c345e28f858107f8cd44,25900307
22423892,0x4b376bee859ec26efcab12dda3f6dacd0fd8ee56de4ef82fc54e94cc505f82e7,25903152
22423919,0x265f45054da59a979d6f42d89c6383a24bdba99f8974a19ac0582925b7fb2211,25911689
22423966,0xa2fa235241bd3e83875ca4d3bf881fc196e2db3bab265a58421e71907da15281,25928762
22426717,0x67004e6871fc49e7643710efc107e98bf0ac1d3afd62984d98fb3988adb722a6,25977139
22423605,0x559325e054683a7758470448ca12e91b6b4133dfff0627a710580746fe96f0e9,25829176
22423688,0xa6ba429f541f941ec71f76bc03b072b8445f1f3084953ddcb7369f7806afe92f,25840556
22423703,0x99859dd98e3391d27f729504cafeafff3c4635d0af07c1bbf6e4018539a7f61a,25843401
22423722,0x2d19d282fc6f39a129d3c18c4d5790b879cf7644d8cafebc5c4eacaa68b8a02e,25849092
22423729,0xa3a49ef5b61f84a579b49cc2840252f0ed8913e4c712b01d7e18d397ef0221e0,25851937
22419960,0x404fd066f79df48c06450889e2c538715a706b105de2f0205d0c8d5e2c859fc6,28208851
22429408,0xf5c18382026f2b0ebd1e601a0f98945d3ab1ab433314056edd8538902fd941c7,26119451
22429412,0xd98dfc68d5fbabdecd9d966068263e0192cc10a75fd6c2ccdf0736993e93e1eb,26122298
22429415,0x7cb141f0ba060212ba79e6bba635f82d4704b045e1f1692631e720adec126440,26125145
22429428,0xc271933bae200f21ec95b2a58d1bdf4220e6a287cfca828224ac5f4c67280368,26133685
22429439,0xae5add1430506e46e9100b743278427fd9310023e0ac84c45b651ef7075e751f,26139378
22429458,0x89e04e57b5707e2f5e926085ee28aa7250f4489a169f9562ded6d69a60a6f9dc,26147918
22429474,0xc52f378a6f702aecdb9b0c2630cdf0f20da5ef3529946c85bfd41c142d454391,26159306
22429489,0x40cd6a403b30b7a74997c4e8fb9ba664538b2f7a2ba494162285e4e0378f136a,26164999
22429495,0x6273d4de6409b511da990fdb2c7cdfad9c4f713bc9f16fbdba2b418cd314a8ad,26167846
22429502,0x14c6aadd63066720f5823e7897ee7959fd4834911aa14b1cc1db9a8f508ac797,26170693
22429525,0x1de6377ba4d9f134f96d1322665042b62cff9d4e3e84be4061364afd97471679,26184928
22429532,0x8334f619c64987a0d803d23dbc30823c15042a66354a0b125404c330b0e28e71,26187775
22429539,0xb0f1c3e6c968a6f1e6ed690574fb694b217a0e47ea425ef25a2336db6ca13698,26190622
22429548,0xe0646fa82f25faf8bdf2d178abd9e36497c6e65dc89d7c9949933ddd135d9fad,26196316
22429553,0x083df450fe01745adb1b422f7c33d715b9edeab4433419d4f9e2ef6c21e4fc9f,26199163
22423518,0xd2bf4c9d05bd965ac573e5999d4e3221b7862eca73dccd9659bfd844f7b56274,25806416
22424108,0xe46471f7288f5c8621e6badc74b0cd5c1554ba943543db3aafa45a20b89a4c5c,25931608
22423740,0xe355ed6f5a94bfea3a28608d4a5d0c7bf7146c4e255d79eb21e6503a8d55a8f8,25854782
22423751,0x81953cb6c46ff9c36274c9e92c52ae5aef303e695dd33f17c1e79c20c81fe9f5,25857627
22423762,0x7cda4733b1f2d4796817745e2c6d23d4029c13b606923ab3dc2d93f0ecd5cdf2,25860472
22423767,0xde250d7a2e7f709b9f935348849b432e7501bbe38daef1056c0b3552523b172a,25863318
22423778,0x50cad06fb2d853f217ec6b55b1e1b250036ffbeda387c838cc1a389c74799843,25869008
22423793,0x8d8b93442d9a0ab2470aa4a7bbc6577180c2f85ac884cb13b9ec60202fd8561c,25874699
22423800,0x4391d674f63859e927bdcef2b725706e46e43400bc201aa6b3765fd0e25139c4,25877544
22423812,0x3e0eb5a0c88f6905ae3e25f95ced66ffee9815f7cf9345c9fb69d6882e5d3a6d,25883235
22423819,0x7aec8017fda382bd45e0e213962fb796faa0afe502666925e292225a169627c7,25886080
22423830,0xb47871fa2c7b265ece9d0ee6dfa1e46966007b9b1cbe5db074905193f856e506,25888925
22423858,0x0a74e317126037266157ca3d2f32bd73d4038f9d13581223d90f91a877a32f7c,25894616
22423870,0x912427f14d9604136a050ae570fa034fb6af42cd8d5dbe2217421b1746958ed7,25897461
22429567,0xb22aeedbfb88d4afddd708a91c37a94be60c04f6f603aa48b0447940cf65fd35,26204857
22429589,0x92edbc98245a5d42d8832ae8edd4400563bc354ac9158fbc4b7e9c39979c8cc1,26216246
22429591,0xcc73ce2fbdf4cad226d920565c249c84bf12797bf31b0aa90e98e980dc9dca39,26219093
22429598,0xc6ebf2cf8f72d0b151a64795eabd50b661a71a8655281f4ab43273b7ee73d97f,26221940
22429620,0xcac6581052c52c868b96d014c024400f6e9e7c52d6c72fafdc29d7cc996d2282,26236176
22429626,0x88c0994db3ff66eb82952d4a8a14521b3c9cb24ec46139a0193c6b47f986aa4d,26239024
22429627,0x3bf05ba916ab9c756b6cb6714f992a70ee6a3853b81e9487ec551d50b61d9349,26241871
22429632,0x330e6fc9dbb22e5006218f1d53453785226f1b9055c1e906cb70372e0c58885a,26244718
22429634,0xa458fe88ddf3a965d4d4a3d25368844e4384dc430460c9bcbb182a1d1d62480e,26247566
22429669,0x95d5dcbb54e5beeb9c37c4fcb14c24ff80490ac6997e5c197fa3888788f48230,26270345
22429692,0x33b59516c00aa44ce7753bff9b86c8e000ff0ce7c4b023030f5acfbd775d01d9,26284582
22429705,0x8cfae58682b1c0cbe6df95592bd28c2b5e0f1f706f820aa9b3ea3f5467f578b3,26293125
22423577,0xe8ce927bce76774775d872ce67fc8fa7703d11976ed71a6e5fdab0c61e1d5071,25823486
22423592,0x3b0027e275b7f56fa9cd85cd4fd5d4710582c19ca6eba11913f485880478a1f8,25826331
22423663,0xbea534cc92ef5ab57561583bb81388137f9941aadaf58aa633542e6682689e39,25834866
22423670,0x216bef98dcc2c4ae2dbbc8d09268dd2d6349fd84d7d60b87e0ed5f3ca031a7ce,25837711
22426883,0xdac7c1ad6e42db347a452148f243762959585dd9972f84087fdf7143972a9139,25988523
22424238,0x21e84bd5ae32c03243e7682c95745863844100edd0c5d46fe119c3cac87716c2,25937299
22424252,0x4c53ea72d5fcd9f5a5403399d14273e032458e2ca022a7783526eea3b73759d3,25942990
22470783,0x4db6b10f46458132c9f38ae7a71c7db058f85cb34518af04cd3988be09e38f83,25196583
22426972,0x92ba9d5084b3ebd9712f5047193f2020c15ae009409093ed2f23250fa594a25d,25999907
22427004,0xd1f2480e2f582cd08041d44c66ec67365c8545d158861a30d8d0f321192e6432,26011291
22427027,0xa3a74269964a52bcb2628ec8fff75bfaea85b875e74472e29b401049db2a459a,26014137
22427064,0x9b13e149039c62a7e230ac2f74e65474096551c3652f22e38caacc622d54a1e0,26025521
22423900,0x1583b3b2c025c453a2d95cf178cab924e53c772942325d367a3873931e317221,25905998
22423957,0x3d3ac953070a9f4d496e47eeb96e114c2cf7c6e4a1bb8ddc42074e8f07fb4233,25925916
22429736,0x1eee9fcb4442e471c805754afd59a0760786c12c89e19db7e7502e49ac41ef68,26310211
22429744,0xfee73e3685e425cb9c142a6ffdf402d44c784a83a0cbf04b5a63017be71dc4ce,26315906
22429755,0xe87ee4f71b27a63359857e63a3ea9ff8e044d83b130df5a8499c6ede1c4fdeb7,26321602
22426959,0x3c1fbc5f8132716cc6d5e0975a95dcab4eb64ccf3e6ef992ba51e278802ae5e9,25997061
22426989,0x2a3b5d7a830e9d312f817c3444ecef31eb3e76a8fbf34fcc6de2a1e20943ec98,26005599
22427000,0x83eb8bda636fcf7feeb25f9dec52aed7755ab47400f31696a549c7807b57f75e,26008445
22427031,0x79ec7cdb982c224696f4d6f736cd055e5285efd894347129fc399cf55dce1eb6,26016983
22427047,0x8dc2e27623c8e0d51c168a5ac60f807dc15d600772f8ec247e6d03f63aa69751,26019829
22427051,0x59dc4778682316fffe19f4e8b43a295d88f58893f5334e114ff12da26facf32e,26022675
22423708,0xc4c666ca54c3ced7943657ea7078f10b3abf9ef1126ac4e0853d2bb423bca603,25846247
22423774,0x2b6cbec7547e6a284075df0e7407f77b32290e6200b8b03e3a1734b3768a2841,25866163
22424275,0xf1d75fb53f657b118f52fa5272eaf57efd1109691d0d4574ed4953915cfbbe67,25951527
22506984,0xf5576327b1827bc1e72f43bd2ab9de92ec13421837b3e540160d3d2fcdcdf135,25557633
22427136,0x17400468ac49ce48369324e0f2f050da4dc8a488606c277df714664a6312e9fa,26031213
22427181,0xa8931501cae5e2fdf5cecf66425e263682adf903431ab407cb09b32b61fe4096,26045444
22427198,0x2fb4e86c60fb8ab19577e09573d689f7ae4d99b9127dee89a3a76424fa9d932f,26048290
22423916,0xa9bb8d2916209a35844c65035c1345781250278870f2362084d694197b8fd5db,25908843
22423926,0x2ffee2ff98e5e2807661631aed90a3c411d1173a853869c3e870a9479727ec78,25914534
22423928,0x8157e7db83b3a8fa8ffad5ae60ee7631e31378020e29f49f0ce394f89f62517f,25917380
22423936,0x8588d5455152d07d5ffbd495a19ce2d2514d77b875ff881abaa74a7a46abafc4,25920225
22423949,0x62c18e7fba6a794d821557583725c67ee813e8a15a23cef65fbf3246e589e693,25923071
22424224,0xdc3393e1faa88d7ad89929c988a3e62ef1de425abe4ab0fbf8015599bba15392,25934453
22424259,0x19c11935715ecd6c66e9fe015ec3f956ddf989d181d28f01dd74bd03aaba1c1a,25945836
22424271,0x2406d8d27dcf90b6fe1f8accab6f545c438e1385a20803b62a3fc50020b326d9,25948681
22427234,0x0670815237f4cf5ac6be35f93b45485c3c41d2ddadfd1a2e745ec466e2fa9e89,26056829
22427292,0x112a604107b8f0c40bc8a604fcbd32fe10478c941c1edaa3d2eb47ebefb27038,26065368
22427299,0x660c465f754dc65857a347f9cb9cc5cffb9df03c6c8fab72adfdda374650cc1c,26068214
22427219,0x592483a6e59e8aae389ecbfb7a6b3f60c8eb06e07b96ea24e5e3281f14788e8a,26053983
22427284,0x3bb7e04f0f9249df0b33165fd4101dc9665948b469d0c189ad9a9e888fe87fe4,26062522
22427338,0x7b27751e43d02602330900803cb621c454e762c90451683bbd69c06de5775122,26071061
22424295,0xdea452772bdd1388f70e4377953dd50dbb275f8655fde8b04de4668e2fce4eda,25954373
22427476,0xb4f765102dd83be5940eb4df9dd20739a821933ea23df0ce6d158848b965a2df,26082446
22420784,0x36f345f338fbe64af0bb867ee8fb66d76f80e0b6476a1e9fa0e080400b908d2a,25557633
22420808,0x56f200eb4beab62fc18a06c034a221b751bdb5eadf275b05165150394f4120b2,25387570
22426768,0x6f54df73af3ca9ece4cce3c742a66d0c7a091cf1e41d2ce0b826317bebf6c54d,25985677
22427429,0x7769c4cd4291934709828d0d841b424e71c1187ea32e39a6b07f28abeedec200,26073907
22427467,0x28615a7cde443c779d5a348d15bf6c3fba06a5430d9255d8574db33ac4f5f998,26079600
22427503,0xfd3f99d1697ad517c4c2b3f5636b2462590768c676b7bf7f8a110b56ec65ac8b,26090986
22424248,0xecbf6ea788706155e097a547a4339160feab21a8a38d7844906a3f22a8bf9c2c,25940144
22424299,0xc29c77085edb87c38ea6dd54a8d7069504138f5cc87288f01120aac091216521,25957219
22424319,0x617c370e398a04a16fcc9380422bb750f8afe9bd7d2a5f534472a1595ed305df,25960064
22424327,0xf2ffcaa0f405985918540103ca74792878e7086ac73f63a693325aef63a8bbe3,25962910
22427490,0xca6cf9776a44db73da0846e9716ad8304a0308b625113af5fe7d06bf39137195,26088139
22424343,0x79c8fecb1267596b4ced11437162b86a6e8720b9a3799330a42591d493646f8b,25965756
22424352,0x7601c433edd30793eb269ba40eaabd832a6bbe362f09b5b53121142f704fbe61,25968602
22427672,0x01f59a850d592a4472238352309fcc1ac96fb8dddb16edd4459363b6f64dbb05,26096679
22427662,0x6e9b1ff24aefc001ee904851a71fb3414cdfce93a50f83a96ba442a634417101,26093832
22426939,0xbab5370d2bc0d377cd689abe9c7d7ede0d33266146db6a8617fe6542b50e32ee,25991369
22426949,0xa5cc403a2784821aee6a8d72488d17ec4ca30744ed8b5637c3010c2ccd536e66,25994215
22426983,0xf9d27076776ce6c5aa1b5160e3e1d8d46509f18c9a6ec9906ef71917dee17fa6,26002753
22458380,0xac37bd09bf3d52e857d836a7ad173e28f6146c8dcba390f67bfc997bf90b4f97,28648595
22427785,0x1c171ea7f588771bb7820296c137278dae20ffa2acb5c99fd92541d942f8580a,26105218
22427780,0x8f9bcc010d7b7a60d0baef9fcc4dbbda50f52c053be35279f1e18cd21059465c,26102372
22427077,0x7f90a9f50a44b8d8273f4865beff6121f342738aa4a8ee888cb322cb6cbfb314,26028367
22427150,0x25d24c42d0f279a583d47b005235c25117a3b9d93f429073f10554a8ae005821,26034059
22427157,0x8ead024f1a6c3ab49c37f26feca12a67c364900c1451ec68810401c8c47bbdc1,26036906
22427170,0xb58f2db9174545ec77a7f5059a6d92f68148da5eb90713b788f0ee0f5cd6082f,26039752
22484436,0x7ac1db9faecf8cb47ba1e438a8e1da885a3258bc9d0afbfc09af93bbf4c4dbd0,29828005
22503245,0x17d734496a2a9c6ac94b734e5af84af743bb484ed8009eda0fa7de04df11a850,28756651
22479391,0xf3b038e837de3a1a9a001640dc5e0424413c3df06f3fd6a68ae2d33f6bd53004,33368447
22427179,0x543d7bba1ed92e2ee1b61b97e716724572b96310372bfaaecdf23d46a42fdd51,26042598
22427202,0xaa47b5125ee78ec11e4c74008edcd2eccfb4fd6116c039ce831e31005289cec2,26051137
22427278,0xef5f5ec8aed7377fffa6583cc6c33dfc88c731149f3535241d594fa8fc8a71b3,26059675
22428120,0x18c40d404745ab05ffc97660e4617a6f5ec65bfb7df8d87b82e45f93ae31d22d,25557633
22503686,0x39b9530396874fa95955327834ca08c407f5df1eb03dc138f90c3ab0218958f7,25970067
22421888,0x65e8995396ca5481673ba94f210d6236cdf3c5573708ad253f7f45a194fc3866,25001931
22421894,0xf581c98082f737aafa9a6cf47e2339782c170d469b651a25c81120d415ecb814,25004772
22421895,0x6c35f8faca11182e9c69544ff08659f2aa6b74453405ad4b46ce100d3893a48c,25007612
22421910,0xe4c2622648b9d2ced681bbd4ebfc0235f6e5df894b7f5963e88bd445bb0f9dbb,25016134
22428164,0x53d144e5a80060ddfd4231a6a13d23e79aae719aac04e32d9048e9a33dc23657,25557633
22447125,0xd73c58aeb73b6d1ad451892607be2f65b213f17e2abc153a6d353301b7a179da,28976251
22421249,0x4455650e3b963471ff81d9b32581a2d3d527ae28cd748f51fb289433581483d7,26496165
22427450,0x0ce8d07afca85883575a430ffb78e8a3e50608de840966f941273489e946054e,26076754
22427484,0x5d1d1d52ca5d04968e850eace237f32028ea71369c1d2f31247ea2061bf53f78,26085293
22421916,0x8af4d276212f6949748ee100f6f5e177f7d1632c07629e41211d68793a57b682,25018974
22421925,0x43f2e280fc97668ff73d40743fdbfe03dc73b5922cf3c2da2a528f34932777b1,25024656
22421941,0x5c9e1fd7ba64be483c79600c796feab9204fcff9df7f0179c761d75c7693ef01,25036018
22421965,0x9753d8a19617e96c7b90be186d1ba15738e1e0e1dabfd961a80b50be4eeedc69,25050222
22421977,0x4ac49044568f87fd0391ee3e68cea0480e09152c71e182e85fcd13c6ae762d80,25058744
22421994,0xfd52d2826a1bc20387e74d43b197f736162e295e7285b97e694d53b200235725,25070108
22422052,0x8837804ba5b068e01f9f34232c2b2956bd120a2cdb20e15d05dce0d94e2b85b7,25101358
22422071,0x0a2488eb5e634c78c66e239bf9e3f0baf3534748b6668ff4cbce50534f4951e9,25112722
22422074,0x771d6704d9e974aa152b136b933203f165deaa9f9edc51873f358ac86d60d200,25115563
22422086,0x39531088ded338e69a2fc91507a7c26bcf7ba3faabbc38f41ff7ad32d01051c3,25121246
22422091,0x0e3f2de09e114368d3a8c9b505b0e913b3e3d4754dd4b40c9c123bd62b53eafb,25126928
22422106,0xce37f26afa23a07c097d5dac4bafbfa1e6c7d7858b8ea6720daf0e91ff5e48c3,25135452
22422118,0x07b8fd3ac71c0f685279c7e354bdd220d5aca989f58cc3e24a702c2cec3a3da9,25146817
22422130,0x1afc284662e4a083d8adc8a46b134a982bd1710f5d0dded0eda97fdf9bdc487a,25149658
22422145,0xfefdf8bb0c39edf6cf6ff64a33ad71483e5f9b6405a0fa3bd01c75af3645911d,25158182
22422155,0x0db1be5fe0c8f9b62bf4748f7a274464037e0db579f9ae6b741784b6c5136dbe,25163865
22422160,0x066b04dd92ae34c76ab42c8d4eef5e31b65ee7684dceab789d0c6245542df057,25166706
22422171,0x99a81d34a58269f374208dc8cc46e21665c3c03cc8f200e2db93048f741ceec2,25175230
22421301,0x4680b87f4bc0f8d6b3ebe17cd61c9f37f6f0bfb44174654383193c061a0deb2b,26513613
22421339,0x4e0be2429a5a52776b540f4f9920ebae995cd8d40331dd757c7594fc53394104,26508597
22427703,0x32b5a3c32d9ad01d3d906b85c88e1682a11ba11ab599f325a49821bbf25e79d3,26099525
22434897,0x9fd22acf42d86c9903ef0a6864f0814145a15cda4d9bd51dfbd60b23dfe096f7,25387570
22422188,0xa3649249569ee6c2b1dcfcb32b3b1d50557e6872652a01627093ec2fac099758,25186596
22421901,0xbb6ec8da2005ee03a295019ac4ac52d0afc1b5af0845405ebd0890a2557b7395,25010453
22434958,0xa86741e340bcbf653e5fa6d40fc9e4798bc4d5686bc2055b9d413d31b173293a,25557633
22427797,0x9283ef83b41147793f0e5abefe21af839e8f774dd8eebf26218fadbe93ee9551,26108065
22427813,0x39ec887939594496dce8aff7af3d1b26bad836694b014329e6c580fa98f20492,26110911
22427818,0xb6cde2bf7b87fef60c0c9a4e4f78c033413ff63edda27b247bf846fc7f24895b,26113758
22427823,0x751d145ddd7de3a91315fd8fc893311c6a75564b2590d6f7d9e50a4df9a7a5d9,26116605
22422376,0xecc74e7cbd94649dc982899954817ff315c20966698124ef4e2cefcd74ddfff7,25200804
22422377,0x0b056ebdb1d1c77ca74b87f62fc3f7cbd84a9963f024c1a5ec840936662efc7d,25203646
22422389,0xbb79b6b3c44a0555885347c8366491846b74de2d68434f8b0057520e26c6d9c2,25215012
22422392,0x742b4d531a0ed297051538b211b6bbecf51f7e10b13e5caa0754498afb42668d,25217854
22422401,0x88990d26a06a099653b964147058b82d2c7a333c94e5cafd2b4dcf675dfdde75,25226379
22422404,0xda8727aa207f70a42e21c61b5831ff38a04fb466dfa0fb9cb6631b72d29d9b7e,25229221
22422412,0xd3339924d2d6f564534dbc19e02a9cb45307222b5d84179adb81cd1321579b40,25234904
22422414,0x6f927ce43047b21e304e94aa9e230a731176c2af524917094647dd81afa34845,25237746
22422419,0x879a3f5499e606e09606d353683216f589a4f55457bee01cbcd0851ab434f3a0,25240588
22422427,0xd9fe2de4789392a86a1151635927df6b01ae040ff37f64270a204abdcead3fe4,25243430
22422428,0x8ba704634bd97a625d8bff20fff5989462202f7a7d4f94cecf9105e46f16d816,25246271
22421920,0xd777906dde5375cbeede5cbd8f3313d01b8d19c2548ffac5b1c7c20e24b13905,25021815
22421932,0x1947896a247dc319670562c7065ce017d219bfceae99123e2879d591506d3f0f,25030337
22421945,0x18490baeda2e9e2f21e93a5635e7359ec889596b1000c028c5a756e5568f729b,25038859
22421949,0xea406ae3fcf7b7e2f2138646db48e1f0967acba9b0a97876df1637427589392b,25041700
22421955,0xa660537e215aa66f6b72bd258f881b3d7595fa06f005fd7ab550e01ec2dc2c70,25044540
22421960,0x448deb3bc1cd08384d4a62ab1ae1e291196870844aac5356bf310653aa70e1b8,25047381
22421982,0xa12924801a1750203f100a222710a3bcf2a64e2574e5543f1c4d6b1757def362,25061585
22421990,0x989c1998beb846106f4b7267e4210d509bf6459723db846f2c8760d9a1e06d54,25067267
22422002,0xa120969b213f70617e4ce75cb6f43a5705bf8fb436239661e0c4b44f836e8d14,25072948
22422038,0x457274827f2fa376d323928bcaea797ef22455d8f3a510b6db3e60615bd67312,25092835
22422060,0x706c62be14da307a54122279bb00853f2b0f23b26447f72d5058ea33ecea906a,25104199
22422064,0xa080f9db0dc48de676faf05694043e550488859d148ea222729472945538e962,25107040
22422077,0x93dad1a92bfaf3301d3b1e1917e8b28d5de1c358f9f8764f8275a438964a6463,25118405
22464237,0xa5487a0d471c8b97980aa606c890f7ed2cb9c5d42678c7387ba37644444209f1,28548480
22422431,0xe54951948f86c333856310c660edc42dfb15ebfea829c9c27edff943f32fbfe0,25249113
22422433,0x6b994cfe8e3c288534b933fce99ea210514a68dce7540101ac88884c301a56f8,25251955
22422446,0xc9a0516c28e7b28771ac706622551e3cce5457644c4d730353bd8bbbb5d56b88,25263323
22422473,0xce29ce5594980f4ccae4886c8b279d6262c8109b51299faacfe153418a59a156,25280375
22422476,0x6ab167eb8b9417501ac305408c498e356d080427b3942d76509d57f24bcc6214,25286059
22422495,0x6f8540df054fe9a32250a2002c938276a5a822e261c85a8328bd3166edccf26c,25300269
22422513,0x1bc7ab6789ea6892ac19d67987993032d3dd27c8f064c3a995389bfd20c5a2d2,25314480
22422521,0x10a6b7c5f091c9c79cdd9741bb5e36a0c4f7e76c8cb54edaa31a1263fc37fd39,25320164
22422531,0xfe6103914c5fc53ea5c8a78366e25b5543bd3fff6f6da4cfcc047fc38860dbfd,25325849
22422577,0x1ccbc815fa3b6db9bb442316e346b367e8f79bc0982f2418439bf91428da5964,25362800
22422578,0x0969c3f258799f429e32717dc41d1a153bb174f18b626e8a2a0d7de500e06989,25365642
22422583,0x8d45d32f1ce8b5e83145c8f08df1ce63cd29ca7a8bf1027fc2dbbcf0f0bcbfeb,25368485
22422584,0x6d59bece36f055691578817efbf20ad3e02f80c24db801c161193963579308fb,25371327
22422585,0x8cbd3cf772c4ad4264c5749dd3c2f2257634b45ab6ef45dfc058a7debb8bbc7b,25374170
22422590,0x52b67d172ed275003f1d683459d26be21485ecbaf1733d62d787d92d6c57a096,25377012
22422596,0xa4876359f54e2b87599cfdf61e009329ca0e7d7a01f65f6731e60084860a1a51,25382697
22422647,0x2c811146cbe962d52af9dabff20757b89b2e1c44888d0db8b9c963bc55eeb53d,25413967
22422682,0x7792568b9a983f8c34b28763c66d07c05e409e107199b3a408e7118b75d9a032,25439552
22422111,0x856cef3ffe9e926b226e1a46768b8be569b836ea21e242f64587570578883073,25141134
22422113,0xd3431ac1e4481c57e237718621af1a524dc30911db7842b267163f9ea6ad0082,25143975
22422136,0x7d078d13fd19b182b411b586aad170ea6d8fe68311ccb051b34f2a37171094fb,25152499
22422139,0x36820295206f7151ba364253dbe53e4a331837d1ddd5e66894dd50c7cd04076e,25155341
22422147,0xce9a0ced3787c9a95a4abaa43aa9cb52d685a8a8a0aa867394eebf1b00eb691a,25161023
22422169,0x7a85010659de6edf4a68898e089a575bce50982594e3d6f2fece05951d8dde95,25172389
22422181,0x006d86c023c29b23a8c3a877d06b6adfbbc12fc9477c1f6e7fc6e4175c51e8fe,25180913
22475854,0x5faaa328edcdb93f70c94f14fa6211b516b9e99a0a2484fab87392b89b5766aa,25517460
22421907,0x8e9ebf524329b92c572c58b828da602715f4443c93e1f1d8b470c50a997df684,25013293
22422686,0x3551860844d5746f4bd1439eb0ddb6407ab870d5bf92013b2ae86e386714d7fa,25442395
22422699,0x23e0cb26a00a919a63406f98b88509693201ca8a750fe91c38e92da8361b8c4d,25453767
22422713,0x8c769325020f38d4c7533cc31b4a1447f3fbec1e1dcacff4bf0555e31209e0eb,25462296
22422721,0x684b1667275334103f1c5d506e2db25610c785148704863dce44c59ea8ca1833,25467982
22422728,0x68a377df8fc1bd6be86f4a22fdd267bbf8a3d8e7ac31cdf2e6c77981011fb47d,25473668
22422734,0x021ba0934fcda0b4b591a77d2b011971a49d28ee9008396a2e1ef87ad4843abc,25479354
22422741,0xb879e36d8186399d62b6ae3a5f2b5f1bb60f944b432b3303e7e2fa219b7024f3,25485041
22422759,0x2c46658b231e67a37bde9d6f5c253778625b084a632a7fef715a40bd9a1de763,25490727
22422766,0x40e6016a4fa8e75e17556dd5d855f37f0b84eff1e1de1c1500c8b8c55e765280,25496413
22422769,0xca358f084f3361c52f726573f689e723b5c1f6c24e7f4e7fcefbdc728aef69a3,25499257
22422776,0xbd8d99ed63396ef65d2e3e0c9f318fdd3338cfe802b6438d392c74eb2e69cd61,25502100
22422796,0x085a5f576f486eab929e9d4b2a0e464e753a8eeaf78e189e7b94e5c858731823,25516316
22422817,0x0ea1159a180f7d806000276ee5633e25c6bb373daa9a56a15179c6c86af3c24f,25530533
22422828,0x6d18be60998630c198fb25c99030ef1c4bef0058a385d2c2a7f9f450fff08b0b,25533376
22422836,0xd80b3b4e889f4ebd2df6a6ad06b921296b3efd390ba94c2132488de698f7d430,25539063
22422846,0xdfb58a4c0c6d0f1c225ca2ef2ff2cadb6551da04edab30acbf3d1cd5adbc36a9,25544750
22479344,0xcd042b6d58c60fb039cdd87ea1a9ab043ffccf1c674da11eb4e00d5f04a8c6d7,27870138
22479383,0x4906419eb6388fcb5fe70177e7327d684ae8acb2b8eeb1dccbf1f40753d6e750,27986579
22422370,0x0e0677a3a232daca8887b4ad06848e2a57926630602fef0ee293a619e2942bb7,25195121
22422373,0xc949457f4e9aa66d79e8df6a26ca7375167805dbadc48513480427c7750347a6,25197962
22422379,0xb7ce3cdd69b9bf7d433c00e44b471bddb135eae776e0ca957f0854eeea8e6d90,25206487
22422398,0x93688066ecc2eea6face8dda6aa81dc656d88def70247b7ea6a13a6c8b7d0fd9,25223537
22422437,0x50d2e6774c68fa9053940b707d1a4bcb5a14eed954ccd25c2178640eb0e5b279,25254797
22422440,0x9a8f078f044776d0cb47ee92026917bebb050239696403b7b23450aa187db420,25257639
22421927,0x705e2ceb9a1b6222ce288d0fdf6bf221a9a491f8f31a43f3563539b419d3778c,25027496
22421940,0x472a39134e32013de75e96fece383b7a9a466266963c4b7d786de8018ba9ee62,25033178
22421968,0x8d1a4bd9a7d98c427aecacc5e4d2f305a95b6b5d0b210cea10c383c19f10b31c,25053063
22421970,0xdf70c86df5a4b7beae1e8b6aacdecafdaf3d925ece2ec3101f041d1277deb32a,25055903
22421988,0x39a936c3430eb66b739751017f6b51657aacd1dd5691f654fdbd94b8129984a8,25064426
22422008,0x7f4368bfbc194e9439b57da6a20f5fbc7577e89488d75cae2400554332b06e5c,25075789
22422015,0x92c17a60063a0697c4812b997cedeb494a9e254bfad4e132d3e4f5c19b6cc7f9,25078630
22422022,0xaeddc9308e2ccd15ebe8dc867e61d96c94b68032b81b17845fd8491f018385de,25081471
22422024,0x7e8c1a03d00fb31020a57488c4eb461223559a3a96b94390523cb4feef8ab734,25084312
22422027,0xd07d721f7e93300cd29f719933d9c94788a8c538b58f292103fc9480fa9c7df5,25087153
22422031,0x36bc30f08f5d2cbb124b07f91506112dccad480a5f3b039de9274a86c02d0535,25089994
22422044,0xb0e4eea6f92cdd6ba0b5ce5d51027bcf6dd4cb0fa4187679c0c081ae8d5fe000,25095676
22422049,0x9252609fbfcf74d78244e2204265c5e5453baa76c05efaef65bacbac14a66f9c,25098517
22422070,0x65daed0c1e8d4f4597e56865aa88fea3305d7684300a2e883ebb0d5af68fa6b5,25109881
22422088,0xb91b57f37961b6ff97d8b7276f0b87cc0b3f3d1467687d033c7c49f5819821b2,25124087
22422096,0xe1470646d3bbfb1180a696f7a0b811265a5b1c648a3083795ae521cdcb074add,25129769
22422100,0x20f1a29013bbeeb1572279c136706fbf00ff2b539ab491682c4ab5e2095f2ab2,25132610
22422107,0x6a86be8e73719d43dd32e6089094da1d8f7dbfb02ea5207c8e763e8b7a47f73c,25138293
22443846,0xf360981024e62a4c3b564394f00405952b3f3ddb6f05a22eb1865f16bb9b36b1,25108802
22428133,0x6a6a4c1095271fe62b682d1eb1d77fa39f03cccad55ab7ebb63b0b713ecc453a,25387570
22428141,0x3dd05d808741d52bfdc2afbe42e8d271f7c69bb95ffdb33e50d6e492373ef254,25387570
22428155,0xd0a740ee7e69e460f3fc3e1fe4faf33bec8d8c57bf1e5c0cb2fafa6403d99c37,25557633
22422900,0x5f0599745ae2a0e3f77eb74b7bd68cf0120c1b5286dc53ecbe899b46f55174f1,25576029
22422938,0x385b0fba365e81bbae6255e11337e3c9796a35e99d2c70087d8fcc36ddcac910,25601623
22422941,0x3a504144333d610fcd823f6a47e64423c3691eae2b38d103014b114cabb6147d,25604467
22422948,0x065d42bed9d01c117292e990ddfb62f48069c0a66e85d10f1f37faa8aabe40bd,25610154
22422952,0xe698e0d211e6308ee5cae157d1c5b57e79d26ad861f8f44c19299c7b15675a5d,25612998
22422978,0xf01bce3d323309bb26f820d12d7e79f743244b596094ade07f017f3716df5b1f,25630062
22422987,0xd46f6bb51b168efbe9f739b9403a1d369e77678f97181abd56e91fe324db568f,25632906
22422994,0x3d7bd3d537614c76e34432b6339062c099bba12b0d29338f54a114c0c36d15f7,25635750
22423003,0xbf7c1c3163b81d5a09162a8a5314bea1c439e73504e6150d38cec4039ac366d4,25641438
22423025,0x9518a259e6b152815512e1cf6905f18872ff0d94533edf637df7f2025baf5d15,25649970
22479365,0xf059ad7b8e0216b7691dfa83b07b6cef510ea8ad2fe314426d8d7a3eca137805,25218290
22479381,0xb960f5bb3f17d99b0ae3f860e84691c8189e1441335c7d483f9685ad0400334e,28226360
22479414,0x568d69d58e2a9f8cd30d1ec5d1069ae29ee1c8f0ba1cfaa94f9f2e55cbc840df,26393604
22434651,0xad71f030111024a790c57f443b67afe9e894950d55d6e96976364b143059c556,32665497
22422454,0x489b59be39dc88b33d17c6cb69ebb17d7d48731360cca83712fedbc45356f1de,25266165
22422465,0x97a7ca7912ece9be8d30107be49bf7e0c93a42991888ec1428f53b6cac279203,25277533
22422490,0xc09619bde2b5b9e1d615b83001f8733391962c43d64366e49429456a1917798f,25297427
22422499,0xda9fed7ffddd15f5c596a1f156d31d45df2f51ee461449b2016da51be11f83d1,25303111
22422504,0xfede04807f7fa80d498de4b7adcdd6bcb2f7ae52b1f20102847b9f1e6fc744d4,25305953
22422509,0x6c73f0fdd5820ef59a1dd6804c4fd9f10a10d046f796ba03c832424eeab53f8a,25311638
22422533,0x4780bef0b53a96915cc2badcc76877d4add4a22499933e078001107b96836333,25328691
22422536,0xd8827736601f3a566b3c6d921a5f930866d31741759cc1a408b0f10712d264ef,25331533
22422540,0xc2ac75e9b3c62706b6e41bf915ac2c27defb2a54163ee0388b61cfadac68da7c,25334376
22422545,0xe20930e06da1763bdedf096267377fb00ebb273c3c461554a1028a05efc0870b,25340060
22422557,0x6ed03695e71715599501f4d88a4aeeb9c497af1b1d9f311bdde58f8154360803,25348588
22422600,0xf80b3cb7b08d6629182584e922216ba5209b608ffeedd78bb953d316ad4bf32f,25385540
22422608,0x220c3425decb64ff2bb9dc5ab3d705905549938212be946d2e164240fc68f516,25391225
22422621,0x98f2a5d17d899d0fc390637a306a6130c11865f1ce10745082f3902f5a982b85,25396911
22422626,0xfee986b929c39fc57b34826b270389ce0cdbe7ab8e0eb43e214c5083f5b38fed,25402596
22444176,0x19e971fe48eb75f32e94a5bd6099a46f456a5b0792305e9889850608bbd9b4e6,28718297
22422164,0xbad4ab73769aaa1327ace39355bbf295d6e798505885f555c63873c7ac52b165,25169547
22422176,0xc9e216e45409e651f7fca0fd6c68585a45713cfd3f8c1ffd17c24ddd6387137d,25178072
22422184,0xd6135317de7053980a340ef79cbb030661c162d3f64e4b39b8eb5cc5421928ce,25183755
22422191,0x49a1a300cec37c0c891ded2e4b332fcb1dc055ea54139926a047d7a74c915090,25189438
22422246,0xb076c6b3f88485f5f0511f256428fe77e07ae750748008fe5f9d4ad2440b7eeb,29828005
22422652,0xd1313cc48517696307020233ac66728ea6564d6d4f0456873a84c68aa91627ee,25419652
22422665,0x3729a4bcc6b88e491b8defbc86ed82cac5074f3588ef0fc9a9384f3a7c594fe6,25428181
22422675,0x2597fe1be768ef19c4e254093686979b9d22ef1c0b6bb270cd8dc2af4525d9a8,25433867
22422679,0x27248b021088c9e8331c2d81ad05660a06ba6fd0e6dd9acbfaa697db4e3b239b,25436709
22422689,0x92edd28cd515ce4e2e9b0924f14e63e6507d7275b977d18aa55e8273bc54a0a7,25445238
22422707,0x36626512f154d0e51abbf84ad1ffa8dd566c05fa2154249e00fe6fe8b0106880,25456610
22422739,0x98dbe73b5a8aff91405bd330d5962407230ce2fc4c2ced57840524833b5ae51c,25482198
22422762,0x9956d1275d840f5bf2fc27d66ef829e096aca00af60e2ea7a55d7f3fbfb7932a,25493570
22422791,0x8236e8c91703aee611f6c1e95e36cb7f1f868fdeb6c378d71179f7f67f955f24,25510630
22422810,0x4cf9229712b32fc12f5156fdf2edb3ad0922c472d0c68a0bea2299f0e8423ae5,25524846
22422814,0x3beda0c702d86c31863e9196ff0ebac4650d6e394d5cbca05ec713fc24473b85,25527690
22434921,0x8f24fb0bb3a86b3f6cbef7d366e989153585d216457def70bb454a1ec16abdd3,25387570
22463284,0x0edcb0ab3db7fffd6e9d2ffce0f4fcb4979ec1354373245269fe29fcee783187,29828005
22422369,0x0bf9a00223f9d8aa653c45e1551d4bbdf5b80d2e3383b1ed935227449e8683d5,25192279
22422381,0xb5e3fa47177b7ce7f541e2b888c09bd0970bf13f1695f67ff1cf53b4be29122f,25209329
22422386,0xcbee05826552b53cce50c83c400d07377be11cbf71dccf22d53a56ab514da2fd,25212170
22422394,0x7071e29f53aa9338539177f42b3d460d20dba0a34eb7bad3741799c431fd9a79,25220695
22422408,0x847b2f10228a7ce71809903256258e5c4030b552303215d5a16dd9b7640c3188,25232062
22422443,0x5c32c0dc5b42afeab7e75218a7cb8059e332d4d6af8c949e2aa95aafee0d743f,25260481
22422455,0xcd698c395986591726377ed4c90386a455908b7de65989d73dfd44f2f210e77a,25269007
22422461,0xd6f57b439e9ab4fe6e974d3c6e8ec76eb8c898adfa30a130201325b94c16e760,25271849
22422463,0x6e3cc33b45c3610a585722f9471874e17923349fa0d528ad0d19e952e2c6f2e8,25274691
22422475,0x5d3b3043be7682166b9cb2c651175c5c4a1cd3c780c3e144f442b749d69458b4,25283217
22422481,0xa7e6dd61323d08f750be89696f370640310b8d6d9b52b37c57b5a5592f43b6ee,25288901
22422486,0x1ccf60a31f7295ef87b7a34552be10697889914549aa414e0a6c6b93231bfaa4,25291743
22422487,0x2e5e2808e62a6accfbc6489c22d7c1b622ded831eadf6dbe339eeb3136e37639,25294585
22422842,0x6281f4eee065ec89efd601038dd58f2541a3430bf144970f725a05faec525865,25541907
22422856,0xbb2a4bfbdb6b178415951c12adf5e83e6d6dbf18eb8681dfa6b14b5943d30f52,25550437
22422890,0x33c02a27b99986e3f0e06ee4671575fae6b1b68ec4872e4b6202888a6a4cfa37,25570342
22422896,0x7e7a28c347091a2ce7b593b419f232ba5abaf7a88396bc3257389e2b07c853dc,25573186
22422905,0x1db9f7c04451bd9107409839e1419f38da4528a4c09a5e5bfaf2c2a34aadc234,25578873
22422507,0x45d88d3ea769b94afc76dc707f8e0fbfe07191b4bfd3a02bbbdcdf1b5ba4fca5,25308796
22422516,0x44cc6f19854bb6487e6b1cea8ddd7fc5c2c2dc6355990c604cd6aad222e4e0de,25317322
22422529,0x00c062f1c7f9e6ff14b07fc5ced7dc8f47df3e5f3624d443abb03f9b287d45dd,25323007
22422543,0xe810b882eceba642a91da151b11c8e9d71940e394dbd85b3fdd7eb52129287cd,25337218
22422548,0x3fa403c64c5b1fe59681c1ff50a14bc5b6bb586687b899e61b9c7aa38093617f,25342903
22422555,0xd903c52438234c8edc0e304b1cc4bcf34ed64fedcb67b47acdf100191d65d129,25345745
22422560,0xfbc453270aab0f9be0524709e49281e0c12122b68ce5a9ea3f2863ce6e6ee8cb,25351430
22422563,0x52fc14f7490ac5cd572a03fea170bb2e14138eb13088276115cf1cbb23a10136,25354272
22422566,0x721b8d4ac09e4f61287800ac66ab9f8a537da0011f233883fb719ce2abf436c5,25357115
22422570,0x814334692176f2f246f2cb849fddf9191dab90996de4b0c48a903e3cb4e528cc,25359957
22429416,0xc159211ff8670fdb6430935b3ff6137bd0d1e4ae2d1ec279d5ba9afb24f73115,26127991
22429430,0x113fec6edb57fd3155f4efb31cf14bb15b164b0d6eb617d1242949074dd3efda,26136531
22429453,0x28206a899e5574b2b109f37bf6965145c6b907d357c52c125a192b133796d0f2,26145072
22429468,0x8c8a9fe8f7945a47b7fbcda2c532248ca9ceab75ef60b805277f67e493d8f829,26156459
22429486,0xba44d2939f0a6875800016ed85fa9b8af23f10c1249a135057b9818ee2baecd5,26162153
22429509,0x0a9ee7260f89361dc72b9ddcc4d02bf634f45012ff2f8908ecf24a37d2685be0,26176387
22422915,0x888a799bfb6224ac513952cc355702a1dd7cc418ef38f3ba2f0579f01e2e32b2,25584560
22422945,0xadaf84bf289ab9cd077f979d104fdbd3b5cfc40f6513bba82a05ad7df2e002b6,25607311
22422957,0x3a1019d9be211b3c9824b18b532a32c8a728483fd2355aec6d3ca5a341c7f235,25615842
22422965,0xe04e84f293ee99555e620b68deed683d3cc7ed2f29d34bd2e1998493bf518849,25621530
22422971,0x79a1dce32623fb7bd33e8be792ecaf2e4fc90cb8453377c38201bc50027035a0,25627218
22423002,0xa4e4b654c41e0505c458aa399f909ffddcfd59551f1216652bd79907e59d16b4,25638594
22423015,0x08611187252bd7fa8f4dcf983f0966e36543fefe5f4988ae715a77598cc09659,25644282
22423019,0xa16eb5c6dcbcc0cbbb09625638b7b45b8aa391edf5ea073e4ec2a825dda693fb,25647126
22423033,0x4b5f68065864f999608f9bd743ae22fd99d1ac33abf36f8783e216959d47469d,25655658
22423036,0x679a0ed3656a093f5484c5afc069e362ca044a08d75963708c5be67c1d730d84,25658502
22423056,0x209a3ae7bbf126fcc1215e6fd55db9edc4eaf4b2d1dd841c1219c6b55eff7d9d,25661346
22435109,0x713f6806e6c6e61e3589774cc33fa2d8175478a4135a7f75f37df6446b3b99fb,35887340
22435194,0xd1020c5ab23c26ce594d2dba1e016b2ce5c5a4b13de59c1f82a13b79fede889c,26662988
22505359,0x4e45feafa01f0fdcef89bcebfe0063d9f4f2da9c614c01722d48dfa1893c2c31,25557633
22429427,0xc72c88750d06411ad3b1813b5112428b743780c2060853b32eab459c02d53788,26130838
22429441,0x23d3e541a93780a0e10baa78e57e8c800657d30e6d52e680c860e57b5bf0fd00,26142225
22429460,0x55d20584eda5f3ffd34235844b4109598df8c25c6e2dbf6642a8c685ea3107ce,26150765
22429462,0xabcecd3695d32b80adefd361c6a86b2fed4002b3a6f3b3356db658b3e8ae4391,26153612
22429503,0x1a38afd03f2774c1ffd4a22f4903541b3e752974d40c89fff6b0836cc73f288b,26173540
22429517,0xad3464e64bbba90d5586f660b85c1600682f2862f459ddd468985ae4d3a15af4,26179234
22429519,0xf9823a9055377b6eaedcc18a0d0f316a6580ffe937253cfc394494eaaf5dd796,26182081
22429545,0x3ec2990d5e441a31406e05ff5b7f0070132c99c499e2d5a5dfbe3cf69089752e,26193469
22429560,0xe29c0bde966f801571e799c9ac0e27ba9badec0672219cb105080285b49a4edb,26202010
22429573,0xde100bd6d0205d0ac6d7e98fef6990e654199a2c1c605e0081efa2a20ecd92f5,26210552
22429578,0x82e8f9928977f099ccf3d2756c85fd305f63460bcc6580239dcd7eb7f09e7723,26213399
22422595,0xd3e7943cfcbd5d2f089b6d1b2e75f6c1bfe38c1d439f824ff385f7758ddd2556,25379855
22422606,0x4477865d51577bb1c87e644f19507ee3bc9859348277801470bfd723615b072e,25388383
22422616,0x8a839f9a1edc15c17c131c6d5be9314f8e17167db2cbfeb4846974aaf9d54ea4,25394068
22422623,0x2416ea10a1a05f800118ed38d829ea3c8831817cfe6e32de767445f471671f9e,25399753
22422630,0xec359f2f71ee7aac2d817e1f06deaa3c0d959ea7892021431bee25218007008f,25405439
22422634,0x0eca6798bb50e341632304f5d8f76f014543046b9c81e6315f0b25c9713e21ea,25408281
22422640,0xf068ceb7f05f52790c61de39c761b5e47f67b18ad22670db414a25ef480ef1af,25411124
22422649,0xffd3d587318ebd4f280ea177eb3d35eff2fdd100197bf7314f192c6b78ff8b78,25416810
22422659,0x40d57d2b4ef31d3694aea44ff08c427228c2c1a2f0ba0056cc1af959959c3632,25422495
22422663,0x75cee92267fb940b55f96e08e66ed3a71853d08a82f18836ccdc7e01f73a5437,25425338
22422672,0x716fd580fb339c85fb3ecb1bd58873f26b49f58820ea69f9ef401af15cd15dc9,25431024
22422692,0x5401b604d3ea20e2da993f493d754ee21e45477fed4a536d1d209436692b687f,25448081
22422696,0x290133d00a4170c3e9f6093eb70090efd94e4467b81831e7dc7389d4b565480e,25450924
22422708,0x2658917712130ddc8c7fe5a4fe701b8d740f5364f4a230e201f38379990a2dfc,25459453
22422718,0x88bdf1f6463ac7757385d51f0b72467ee065548cd2dae71dd606063ace8f7977,25465139
22422723,0xd4311b2c820759517c44364224fb9d9b554bf13920a63901b0549d87a9027887,25470825
22422731,0x77ed66c3435d96d3be11b86476ee3aec9ea7d7f89c3edf9bd5d3685283ea4e1c,25476511
22422750,0x6f28d067dc4d0020d76f940b57a647174e8afab7553d07c6dae62ac42337e0d9,25487884
22423099,0xf438bb3abde4ea65fcf90d7048ce80ca56cc46224eafc77526f38d86766ebeb4,25684099
22423104,0x25963adb12aec50141a9f8b59536c34bc904c4aaa5d3dfb3f037b08cd5b02733,25686944
22423135,0x96c2a2a54cdf83769736467297d438532922e5f432eb0dfa7e8a9101fef1ed7e,25701165
22423141,0x5ecf877cf84f10c3a8e881009387a1bb6fdb2e8b8a01070b19c2bc1b35a4048d,25706854
22423152,0xd8f7553d8e71175afb49dbf781181f61923c80f968536cae2c115f450898057c,25712543
22423167,0x9abb87cb1b4bac2f0d77dff33597295579db7a4e8ae421f3eafabc71e06f80bf,25718231
22423176,0x2146363e696ff925494c02a300eef3d0bfcdd74eba57f694f64828afe8d0f988,25721076
22423182,0xbc1d3010dc3f924e0d9a6bf8b2de1a2b9cd2fac33943e0a0358fa140755a975d,25723920
22423185,0xa54b5a437b91409dc90d674dd53d558bf52f3ab3eb161b0e40b0e9a112869c90,25726765
22423191,0xa2f89d0147fd6cfcc6b2054283aab9800633bd6cdd18e58182a1105e347db39d,25729609
22423197,0x2757eeb52edf1ae735c61c9b5f2bd6354ca975a2c4ffc039457b166b94c9d638,25732454
22423231,0xf113ead1e3f75ce2d1b968493c8333467228987201e6b29c52ac8079534d3664,25743832
22423238,0x053ed1e37643185b194bd1155f22a9c5498a9142a0bea1befb36ee7856f1f81c,25746676
22423243,0x9db57e50bd60fbfdcc62fd8eedc0163edf9d72173532b8479f8fc57e4fbc46e7,25749521
22423265,0x659c2d8887c63df0d63cdea563388cc53d955cd9c327ca1e15538c56f9be3fd8,25758055
22423321,0x4ad719fde0c933fb0468871f6298882b8fcb1ff90bfa3b0c39ebd0ac9d5cf20f,25783657
22423354,0xa32c613ae7be02daa6702971866de3fd64583227970c8c005cd3ee8809c3780e,25792192
22423393,0xd5a7f3346cc71d935f64ed3511da18ea70b79f7a1d9f47ad0534469b7a6cbb1a,25800726
22455677,0x2fffa9710ef1d9225dc47f8efa9de80540917f3694445330ea9b06cc782565a7,28718297
22506291,0xbee413d34c73561f77dccc7178842cec5cd790c6ca7ec22e2603593660ca242f,25557633
22506295,0xb17a1b2ec4f87092296af9e88847c811f0c38b188661b4166fb95c1769f051f3,25557633
22506303,0xbc70250134d6e35772c4dc04975ff62cd6fe263bd421f9285156f2060d95327e,25557633
22506305,0x7f0c70a61d5f3301f0e2e9a6effb8d9bd8740bcdaef12f48a6a475af37586f87,25557633
22506322,0x76d961fa46f6365e54c4306ac71e7816e22e2111ea9b0768157f3455ffeec214,25387570
22506342,0x240fb95c20e5ce6747632aea73fb9332679d845537c451d3b3fc6ef717767efa,25557633
22506310,0xa5314de948053469f979b74593c611760296b41e055bca1aac100e4cbea23dc6,25557633
22506335,0x3170677036ee1075ad2def5905f88ea1d6081bf858e9678b1cb67e283d143394,25557633
22506357,0x00518259ae46c8033f6ef4af4403ca417bab2707bc9f27b93eb8eaba32b7e77a,25557633
